id,name,model_id/id,group_id/id,operation,domain
access_brief_user_read,Creative Brief: studio user read,model_c2p_creative_brief,c2p_creative_studio.group_creative_user,read,"['|', ('company_id', '=', False), ('company_id', 'in', company_ids)]"
access_brief_user_write,Creative Brief: studio user write,model_c2p_creative_brief,c2p_creative_studio.group_creative_user,write,"['|', ('company_id', '=', False), ('company_id', 'in', company_ids)]"
access_brief_user_create,Creative Brief: studio user create,model_c2p_creative_brief,c2p_creative_studio.group_creative_user,create,"['|', ('company_id', '=', False), ('company_id', 'in', company_ids)]"
access_brief_cd_unlink,Creative Brief: creative director unlink,model_c2p_creative_brief,c2p_creative_studio.group_creative_director,unlink,"['|', ('company_id', '=', False), ('company_id', 'in', company_ids)]"
access_concept_user_read,Concept Route: studio user read,model_c2p_creative_concept,c2p_creative_studio.group_creative_user,read,"['|', ('company_id', '=', False), ('company_id', 'in', company_ids)]"
access_concept_user_write,Concept Route: studio user write,model_c2p_creative_concept,c2p_creative_studio.group_creative_user,write,"['|', ('company_id', '=', False), ('company_id', 'in', company_ids)]"
access_concept_user_create,Concept Route: studio user create,model_c2p_creative_concept,c2p_creative_studio.group_creative_user,create,"['|', ('company_id', '=', False), ('company_id', 'in', company_ids)]"
access_concept_cd_unlink,Concept Route: creative director unlink,model_c2p_creative_concept,c2p_creative_studio.group_creative_director,unlink,"['|', ('company_id', '=', False), ('company_id', 'in', company_ids)]"
access_asset_user_read,Creative Asset: studio user read,model_c2p_creative_asset,c2p_creative_studio.group_creative_user,read,"['|', ('company_id', '=', False), ('company_id', 'in', company_ids)]"
access_asset_user_write,Creative Asset: studio user write,model_c2p_creative_asset,c2p_creative_studio.group_creative_user,write,"['|', ('company_id', '=', False), ('company_id', 'in', company_ids)]"
access_asset_user_create,Creative Asset: studio user create,model_c2p_creative_asset,c2p_creative_studio.group_creative_user,create,"['|', ('company_id', '=', False), ('company_id', 'in', company_ids)]"
access_asset_cd_unlink,Creative Asset: creative director unlink,model_c2p_creative_asset,c2p_creative_studio.group_creative_director,unlink,"['|', ('company_id', '=', False), ('company_id', 'in', company_ids)]"
access_review_user_read,Review Round: studio user read,model_c2p_creative_review,c2p_creative_studio.group_creative_user,read,"['|', ('company_id', '=', False), ('company_id', 'in', company_ids)]"
access_review_ad_write,Review Round: art director write,model_c2p_creative_review,c2p_creative_studio.group_art_director,write,"['|', ('company_id', '=', False), ('company_id', 'in', company_ids)]"
access_review_ad_create,Review Round: art director create,model_c2p_creative_review,c2p_creative_studio.group_art_director,create,"['|', ('company_id', '=', False), ('company_id', 'in', company_ids)]"
access_review_cd_unlink,Review Round: creative director unlink,model_c2p_creative_review,c2p_creative_studio.group_creative_director,unlink,"['|', ('company_id', '=', False), ('company_id', 'in', company_ids)]"
